case_id,author_id_customer,customer_message,created_at_customer,tweet_id_support,support_message,created_at_support,true_intent,human_escalate
28397,122219,@AmazonHelp I have never been provided with info of any kind. Every three days I proactively ask and someone tells me to keep waiting with no details.,Wed Nov 01 10:50:23 +0000 2017,28394,@122219 We are still working on this! Please be sure to watch your e-mail for further updates on this issue. ^MW,Wed Nov 01 10:58:29 +0000 2017,General Inquiry & Feedback,False
316485,191572,"@115850 baar bar jhuth 48 hours me problem solve ho jayegi.. or fir dobara 48 ghante , customer velle hai kya
?",Sat Oct 07 07:44:15 +0000 2017,316484,@191572 your order/account details as we consider them to be personal information. Our Twitter page is visible to the public. [2/2] ^NS,Sat Oct 07 08:24:30 +0000 2017,General Inquiry & Feedback,False
226149,169993,@169994 will you come back to NYC :(?,Thu Oct 05 06:36:17 +0000 2017,226148,"@169993 Hi, we don't have that info but you can sign up for texts about the Treasure Truck here: https://t.co/zytobl0pzZ. ^JJ",Thu Oct 05 06:45:31 +0000 2017,General Inquiry & Feedback,False
427813,216734,@AmazonHelp Yes,Tue Oct 10 13:54:02 +0000 2017,427815,@216734 Thanks for reporting. We'll check and revert at the earliest. ^HK,Tue Oct 10 14:30:00 +0000 2017,General Inquiry & Feedback,False
427764,216723,"@115850  item ordered on 16th July 2017, not delivered yet..wow... https://t.co/XLz0NCdYw8",Tue Oct 10 13:11:02 +0000 2017,427765,"@216723 we'll get back to you soon. Please don't provide your order details, as we consider it to be personal information. 2/3^AP",Tue Oct 10 13:24:39 +0000 2017,Order Status & Logistics,False
331620,194968,.@AmazonHelp Every one of our Fire Sticks has gone haywire at same time. Can't connect to network; network is 100% online. [1/],Sat Oct 07 18:25:35 +0000 2017,331618,@194968 I'm sorry for the trouble you're experiencing. Please try these troubleshooting steps: https://t.co/ctjQKAwOIP ^AC,Sat Oct 07 18:38:58 +0000 2017,General Inquiry & Feedback,False
314724,191148,"@AmazonHelp Only if you don't actually charge me. 😂😜🤗

❤️ you guys!!",Sat Oct 07 07:05:31 +0000 2017,314726,@191148 Cheeky hahahha 😂😜🤗 I love it!^CD,Sat Oct 07 07:17:28 +0000 2017,General Inquiry & Feedback,False
546513,247080,"@AmazonHelp Registered a complaint in customer care of Amazon as well as SBI. Hope its resolved at the earliest.
Thank you for the response",Sat Nov 25 09:02:10 +0000 2017,546512,@247080 Our team will surely look into this and get this issue resolved at the earliest. Please feel free to get back to us for further concerns. ^BV,Sat Nov 25 09:46:31 +0000 2017,General Inquiry & Feedback,False
448622,164340,"Told an @AmazonHelp agent in chat that I was going to give them a bad survey response for lying to me (about something that is documented clearly on the amazon website), and they found a way around it. They forced a ""lost connection"" to the chat and I ended up with someone else.",Thu Nov 30 20:49:27 +0000 2017,448620,"@164340 Terribly sorry for your previous experience with us, Tim! Were you able to get everything situated with the next agent? ^JZ",Thu Nov 30 20:57:02 +0000 2017,General Inquiry & Feedback,False
311912,190498,"Amazonミニスーファミ返送について

問い合わせたら、トラブルで返送しますというメールが届いた場合、ステータスが輸送中でも確実に返送されているということ。返送完了したら返金手続きにうつる。

つまり、待つだけ無駄。

#ミニスーファミ",Sat Oct 07 03:19:30 +0000 2017,311911,@190498 このたびは、ご迷惑をおかけし申し訳ございません。本件についてご注文いただいたお客様に後日https://t.co/st4oU5QbhPよりご連絡を行わせていただきますため、そのご連絡をお待ちいただきますようお願いいたします。TN,Sat Oct 07 03:34:26 +0000 2017,General Inquiry & Feedback,False
529154,242521,@AmazonHelp Ça ne semble pas me proposer un échange... Mais simplement de retourner l'article puis de recommander...,Sat Dec 02 09:20:31 +0000 2017,529157,@242521 Il n'est pas possible d'échanger. Vous pouvez retourner l'article. ^SM,Sat Dec 02 09:36:30 +0000 2017,General Inquiry & Feedback,False
30555,122723,@AmazonHelp if I cancel an order do I get a refund? It hasn't been dispatched yet does that mean you haven't taken any money yet?,Wed Nov 01 11:42:51 +0000 2017,30554,"@122723 Hi, we charge on dispatch. So if you can cancel successfully you won't be charged. ^TS",Wed Nov 01 11:45:01 +0000 2017,"Returns, Refunds & Cancellations",True
317934,191865,"@AmazonHelp 4487486901 is my case # Have someone in Amazon do their job and solve my problem.  I been calling everyday, no solution to my problem.",Sun Oct 08 15:03:49 +0000 2017,317935,"@191865 2/2 When you spoke with us, what insight did we provide? Did we set up a follow up on this matter? ^CO",Sun Oct 08 15:22:00 +0000 2017,General Inquiry & Feedback,False
107257,139821,@AmazonHelp Still nothing posted. What are the odds anyway?,Thu Nov 30 18:26:10 +0000 2017,107255,@139821 All the winners are published on our website and are contacted by our specialist team via email. Please stay tuned. ^MK,Thu Nov 30 18:56:31 +0000 2017,General Inquiry & Feedback,False
133670,146134,@AmazonHelp does @115821 sell @7688 Bern looking for it but can't find it.,Fri Nov 24 08:28:51 +0000 2017,133669,"@146134 Hi Ian, it doesn't look like we stock, however we do have similar products available: https://t.co/NJeO9dxoCk ^PJ",Fri Nov 24 08:38:29 +0000 2017,General Inquiry & Feedback,False
205981,164790,@AmazonHelp @AmazonHelp and what  about this one 👉order id #4__credit_card__,Mon Nov 06 12:42:39 +0000 2017,205983,"@164790 Twitter being a Social platform, we may not be able to access your account. 1/2 ^RB",Mon Nov 06 13:25:00 +0000 2017,General Inquiry & Feedback,False
183191,159081,@AmazonHelp #AmazonIndia any update on the issue. Why is taking so long,Fri Oct 06 03:19:17 +0000 2017,183193,@159081 I'm sorry it is taking longer than expected. May I know if you have filled your details through the link provided above? ^SH,Fri Oct 06 03:50:00 +0000 2017,General Inquiry & Feedback,False
279982,182731,@115850 Redmi 4 फर्जी कंपनी amazon,Fri Oct 06 08:22:13 +0000 2017,279978,"@182731 We don't expect you to feel this way. Kindly let us know, what went wrong. We will help.^CB",Fri Oct 06 09:51:27 +0000 2017,General Inquiry & Feedback,False
218151,168011,@115830 Your tracking info says it's still out fir delivery??????,Wed Oct 04 22:20:44 +0000 2017,218150,"@168011 Oh no, David! I'm sorry for the trouble with your delivery! We'd like to look into this with you here: https://t.co/JzP7hlA23B ^TG",Wed Oct 04 22:34:52 +0000 2017,Order Status & Logistics,False
449915,221639,@AmazonHelp But it’s a free trial so there should be no payment??,Thu Nov 30 21:17:23 +0000 2017,449913,@221639 We authorize £1 to validate your payment method. You can find more information here: https://t.co/OBP9gUeo1J ^CO,Thu Nov 30 21:26:32 +0000 2017,"Account, Billing & Prime",True
545781,246887,@AmazonHelp Np. I am now at work. It's ok system not 4 me https://t.co/6NXvHeqtHC,Sat Dec 02 19:18:27 +0000 2017,545782,@246887 This definitely isn't what we want from our customers. Please let us take feedback and discuss this further using this link: https://t.co/7JUmpzfcI5,Sat Dec 02 19:21:00 +0000 2017,General Inquiry & Feedback,False
302246,188116,Spent £30 on amazon said my parcel has been delivered to resident which it has not not happy @AmazonHelp,Fri Oct 06 21:30:40 +0000 2017,302245,@188116 Sorry you haven't received your parcel! Please reach out to us here: https://t.co/JzP7hlA23B so we can look at options. ^AH,Fri Oct 06 21:33:05 +0000 2017,Order Status & Logistics,False
191502,161017,@AmazonHelp  https://t.co/xdB6MbxeBb,Wed Oct 04 15:49:38 +0000 2017,191501,"@161017 We'd like to help the best we can! Without posting personal info, could you tell us more about what's going on? ^GL",Wed Oct 04 15:53:00 +0000 2017,General Inquiry & Feedback,False
133930,146171,very upset with @115830 customer service. I have been a loyal customer since 2006 and I feel I have been let down. not that it will make any difference but I will be stopping my prime and buying from you with immediate effect. #LetDown #PoorService,Fri Nov 24 08:14:37 +0000 2017,133927,"@146171 Hi. I'm sorry to hear that. Without posting account/order specific details, can you let us know what's happened please? ^DC",Fri Nov 24 08:16:27 +0000 2017,"Account, Billing & Prime",True
387978,153500,@115850 after getting payment @115821 delays delivery beyond patience. Item lying with local del center since 3 days  @39424 @207829 https://t.co/W0iJQfuaMY,Mon Oct 09 13:30:36 +0000 2017,387979,@153500 We deliver until 8 pm. Kindly wait as I'm positive your order will be delivered by then. ^AP 1/2,Mon Oct 09 14:05:00 +0000 2017,"Account, Billing & Prime",True
288312,184677,"@AmazonHelp @115851     Need resolution on this ASAP, its been already too long.  Order # 404-2934721-8605949",Sat Oct 07 05:45:14 +0000 2017,288320,@184677 Please don’t provide your details as we consider them to be personal information. Our Twitter page is public. 2/2 ^SH,Sat Oct 07 06:01:31 +0000 2017,General Inquiry & Feedback,False
419161,214973,My dear @115850 if u can't deliver don't sell. Ur courier guys r harassing customers asking to meet them on street 4 taking own delivery.,Tue Oct 10 05:23:26 +0000 2017,419159,@214973 That's certainly not what we want our customers to go through. Apologies for the inconvenience. 1/2 ^PS,Tue Oct 10 05:28:31 +0000 2017,General Inquiry & Feedback,False
490483,231842,@AmazonHelp Sim!!!!!!! Estou esperando vcs baixarem o valor do livro O segundo sexo de Simone De Beauvoir para comprar.,Fri Dec 01 16:55:18 +0000 2017,490485,@231842 Fica de olho então no nosso site e no nosso Facebook! ^NP,Fri Dec 01 17:03:35 +0000 2017,Non-English Support,True
531565,146883,"@AmazonHelp Hab vom firetv1 Stick auf den mit Alexa gewechselt. Da lief alles problemlos. Hab den Code nicht geändert &amp; den kennt das Kind auch nicht😉 
Hier noch die Wiedergabenbeschränkung. https://t.co/I9BUMoszKg",Sat Dec 02 10:52:06 +0000 2017,531566,"@146883 Nur der Vollständigkeit halber - War es mit dem alten Stick nicht möglich, Bibi Blocksberg ohne den Pin abzuspielen? Die Kindersicherung sperrt nur den Zugang zu Titeln aus gewissen Alterskategorien. ^MS",Sat Dec 02 11:17:29 +0000 2017,General Inquiry & Feedback,False
163544,153827,@AmazonHelp es que cierta empresa de transporte pierde los envios de la gente....,Fri Nov 24 19:32:59 +0000 2017,163543,@153827 Sin compartir información personal ni confidencial ¿Podrías indicarnos si has tenido alguna situación con tu último pedido? de ser así ¿Podrías informarnos si el producto  es vendido directamente por Amazon o si ha sido vendido por un vendedor externo? ^PC,Fri Nov 24 19:36:00 +0000 2017,Non-English Support,True
437905,219021,"What is the point of having a #prime membership , if you haven't received your product even after 3 days from ordering it ? 
#Amazon #AmazonPrime @115850",Sat Nov 25 05:56:40 +0000 2017,437906,@219021 Apologies for the delay in the delivery. May I know if you've reported this to our support team here: https://t.co/vlvfJr4nN9 ? ^EM,Sat Nov 25 06:16:54 +0000 2017,"Account, Billing & Prime",True
108129,140004,"Alô, @117086 já pode fazer promoção de capa pra kindle tbm, viu?",Thu Nov 23 19:33:31 +0000 2017,108128,"@140004 Oi Jessica, fica no olho do site, temos muitas surpresas pra vocês proximamente! 😉 ^AG",Thu Nov 23 19:39:54 +0000 2017,Product Quality & Hardware,True
451874,222174,@AmazonHelp não consegui. vou mandar DM pra vocês.,Thu Nov 30 23:11:08 +0000 2017,451875,@222174 Então vamos responder no DM jordamn. ^JJ,Thu Nov 30 23:15:33 +0000 2017,General Inquiry & Feedback,False
542104,245813,"@AmazonHelp minha conta foi excluída da amazon. Não consigo acessar o site para saber o que houve, e agora?",Sat Dec 02 15:44:14 +0000 2017,542100,"@245813 Olá Bruno, sentimos muito. Você recebeu algum e-mail com instruções e detalhes do acontecido com a conta? ^LG",Sat Dec 02 15:48:41 +0000 2017,Non-English Support,True
215068,167099,@116313 ミル買ったらコーヒー豆がいるがね・ω・ということで、木樽コーヒーもぽちっとな・・,Thu Oct 05 01:52:27 +0000 2017,215066,"@167099 美味しいコーヒー飲みながら、ホッと一息。。。。いいですね～(‘v`◎)
Amazonをご利用いただき、ありがとうございます！
商品到着まで、今しばらくお待ちください୧꒰*´꒳`*꒱૭TY",Thu Oct 05 01:55:31 +0000 2017,General Inquiry & Feedback,False
182826,159016,"@AmazonHelp Order number. Name. And status. Was promised three times that beta code would be with me prior to beta launch, which was 9 am today.",Wed Oct 04 16:42:52 +0000 2017,182825,@159016 Have you checked your Spam and Junk folders as well? Did we set up a follow up regarding this matter? ^CO,Wed Oct 04 16:47:31 +0000 2017,General Inquiry & Feedback,False
80721,133904,せっかくAmazonプライム会員だしfirestickTV持ってるし映画見まくってる。scoop見たけどリリー・フランキーのぶっ飛び具合がいい。,Thu Nov 30 12:48:56 +0000 2017,80720,@133904 ご利用ありがとうございます🙇　ごゆっくりお楽しみくださいませΣd(*`･∀･´*)　SM,Thu Nov 30 13:17:00 +0000 2017,General Inquiry & Feedback,False
136900,146878,"@AmazonHelp I didn’t, because I didn’t see it at all. How has it taken two complaints and two returns to learn about this feature? Terrible user and customer experience!",Fri Nov 24 10:10:23 +0000 2017,136902,"@146878 Sorry this was not explained previously. For more information about this please click the following link: 
https://t.co/6g9CnHCAIr.^BZ",Fri Nov 24 10:23:30 +0000 2017,General Inquiry & Feedback,False
35914,123814,"@AmazonHelp Yeah got your 'at the earliest' response.. 

Can't you give a 100% sure answer by talking to your courier partner. Is it that hard ¡¡ https://t.co/nH1ziAugRH",Thu Nov 02 07:28:03 +0000 2017,35915,@123814 We're currently working on your issue. We'll contact you with an update soon. Request you to wait for an update. ^ZH,Thu Nov 02 07:30:31 +0000 2017,General Inquiry & Feedback,False
337419,196516,I ordered dog food through Amazon because my ankle is broken. #Amazonfail https://t.co/jBxQUcOd4m,Wed Sep 27 23:06:30 +0000 2017,337418,@196516 This certainly isn't the delivery service we strive to provide! Who is the carrier for this order? ^DD,Wed Sep 27 23:30:54 +0000 2017,Product Quality & Hardware,True
132340,145861,@AmazonHelp I’ve tried that too! Just get ‘it’s been marked as delivered’,Fri Nov 24 13:27:15 +0000 2017,132342,@145861 Have you had a chance to reach out to the courier? https://t.co/2Vw61TN5Sd ^RO,Fri Nov 24 13:34:50 +0000 2017,Order Status & Logistics,False
515324,238702,@AmazonHelp is the best 💕🤠,Fri Dec 01 20:48:09 +0000 2017,515323,@238702 We think you're the best! Around! Nothing's gonna ever keep you down!!  ^EP https://t.co/mW3Gm1i9Rv,Sat Dec 02 00:32:12 +0000 2017,General Inquiry & Feedback,False
231547,171147,"Lenovo A6600 Plus (Black) https://t.co/NPYP9mp9mO. Delivered earlier than said, thanks @115821",Thu Oct 05 10:12:26 +0000 2017,231546,"@171147 You're most welcome, we're glad that you've received early delivery. :) ^KN",Thu Oct 05 10:34:05 +0000 2017,Order Status & Logistics,False
562978,251785,"@115821 incredibly frustrated customer !! Places orders last week,  promised 2 day delivery.... still nothing received.  Smh! Called in several times still not resolved.... promised credit not on account??? What gives! Need help asap pls!! Thank you",Sat Dec 02 23:16:37 +0000 2017,562977,@251785 I'm sorry for the poor experience! We'd like to assist. What is the current status of these orders: https://t.co/PCtircFm5C? What's the delivery date shown? ^SJ,Sat Dec 02 23:29:34 +0000 2017,"Account, Billing & Prime",True
225345,169834,"#Amazon #AmazonIndia 
I hate Amazon",Thu Oct 05 05:39:34 +0000 2017,225344,@169834 Sorry to know you feel this way. Is there anything that was left unaddressed or you'd like our help with at the moment? ^AB,Thu Oct 05 06:16:00 +0000 2017,General Inquiry & Feedback,False
215214,167132,This is why I don’t trust @115821 reviews ! https://t.co/Y0vCXio9xg,Thu Oct 05 00:58:46 +0000 2017,215213,@167132 We ask that the review be about the item itself. Shipping and seller experiences may be removed: https://t.co/TLo3XSn4xY ^CL,Thu Oct 05 01:01:33 +0000 2017,General Inquiry & Feedback,False
436957,218765,"@115821, I DON’T like that you have your own delivery guys now. They can’t get into my building so I HAVE to be home. Pain in the ass.",Tue Oct 10 17:16:45 +0000 2017,436955,@218765 Are you currently having a problem w/ an order being delivered by Amazon Logistics? Check here: https://t.co/PCtircFm5C ^GL,Tue Oct 10 17:19:29 +0000 2017,General Inquiry & Feedback,False
276122,181963,@116313 普通にレディースロングコート買うよりもこっちの方が暖かそうだからほしいかも…Mサイズ少し大きいけど,Fri Oct 06 07:21:11 +0000 2017,276120,@181963 Amazonをチェックしていただきありがとうございます！気に入ったコートが見つかりますように☺️SK,Fri Oct 06 07:25:54 +0000 2017,General Inquiry & Feedback,False
126810,144464,"@AmazonHelp Kkkkk Sim já vi o anime, e virei fã, agora estou empolgado para ler os mangás.",Fri Nov 24 23:44:13 +0000 2017,126811,"@144464 Que legal! Com certeza você vai adorar a leitura dos seus mangás, Lian! Abraço! :D ^CR",Fri Nov 24 23:47:25 +0000 2017,Non-English Support,True
1724,116088,@AmazonHelp Deluxe edition on September 16th. It definitely had the pre orders on the profile because that’s why I ordered. Also why I paid for Prime..,Tue Oct 31 22:48:50 +0000 2017,1725,@116088 Could you link us to the page of the item on our website? This will allow us to take a closer look at all options. ^VB,Tue Oct 31 23:04:01 +0000 2017,"Account, Billing & Prime",True
322975,192399,"@115850 @115821 @AmazonHelp most worst things about you that no one can complain about your agent anywhere, no action was taken against dm",Sat Oct 07 13:50:40 +0000 2017,322973,@192399 We would like to help . Please share your details with us here: https://t.co/GIJyeYqKE0. We'll get in touch shortly. ^CB,Sat Oct 07 14:18:37 +0000 2017,General Inquiry & Feedback,False
134809,146391,@115830 order within the next 90 mins for same day delivery never ever works for me .Why is this ? i suspect a con to get me to order,Fri Nov 24 09:07:28 +0000 2017,134807,@146391 May I ask if you selected Same Day Delivery as the delivery option at checkout? ^KI,Fri Nov 24 09:13:00 +0000 2017,General Inquiry & Feedback,False
206008,164791,"@AmazonHelp They closed my account for failure of verification of payment method, but somehow still managed to charge me for Amazon Prime",Mon Nov 06 07:51:35 +0000 2017,206007,@164791 How were you notified of the charge Dikki? Can you report this to us via: https://t.co/hApLpMlfHN ^NV,Mon Nov 06 08:03:27 +0000 2017,"Account, Billing & Prime",True
293305,185732,"@AmazonHelp tengo una gift card de Estados Unidos, ¿cómo hago para aplicarla en mi cuenta Amazon MX?",Fri Oct 06 16:54:26 +0000 2017,293304,"@185732 Hola Carlos,  por favor contacta a nuestro Servicio al Cliente por medio de este enlace: https://t.co/beR78zMMYB . ^MB",Fri Oct 06 17:02:27 +0000 2017,Non-English Support,True
440359,219486,"@AmazonHelp Un second vient d'arriver aujourd'hui, ""caché"" sous le paillasson...",Fri Oct 27 16:37:17 +0000 2017,440360,"@219486 Bonsoir, navrée pour cela. Avez-vous vérifié le contenu de votre colis? L'article est-il intact? ^SA",Fri Oct 27 16:57:36 +0000 2017,General Inquiry & Feedback,False
205194,164607,プラネテスがAmazonプライムに追加されてる。DVD持ってるけど見るか。,Wed Oct 04 23:44:00 +0000 2017,205193,@164607 はい！追加されました！連続再生されるプライム・ビデオでもぜひお楽しみください☺️✨ SK,Wed Oct 04 23:49:28 +0000 2017,General Inquiry & Feedback,False
288110,184647,@AmazonHelp @115850 @132994  the response simply says packet non traceable &amp; refund is being initiated. NO COMPENSATION 2 CUSTOMETR 4  HARASSMENT,Sat Oct 14 09:37:43 +0000 2017,288111,"@184647 Please be informed that we do not have any compensation policies. However, I'll pass on your feedback on this internally. ^AB",Sat Oct 14 10:04:28 +0000 2017,"Returns, Refunds & Cancellations",True
83405,134324,@AmazonHelp Today makes the fourth time that my order is getting delivered after the date quested when I checked out,Thu Nov 30 13:49:37 +0000 2017,83403,"@134324 I'm very sorry that your parcels have been delayed. This is our busiest time of year, and unfortunately that slows everything down a bit. This help link explains our Black Friday and Cyber Monday shipping: https://t.co/ydhrX6i1pf I apologize for any inconvenience.^SP",Thu Nov 30 13:53:33 +0000 2017,Order Status & Logistics,False
302626,188212,@AmazonHelp Apparently it's still out for delivery. https://t.co/OLwkEoq5He,Fri Oct 06 21:46:29 +0000 2017,302625,@188212 I'm so sorry for the delay! Please reach out to us here: https://t.co/JzP7hlA23B for more assistance with this. ^TK,Fri Oct 06 21:48:32 +0000 2017,General Inquiry & Feedback,False
492177,226477,wow really @AmazonHelp @115821 now my package has been labeled damaged and undeliverable?!?! After spending hours with you on trying to get it. #EpicFail,Fri Dec 01 17:03:05 +0000 2017,492176,"@226477 Hello Ron, I am sorry to hear that please contact us here:  https://t.co/JzP7hlA23B. We will investigate further. ^HS",Fri Dec 01 17:10:00 +0000 2017,Product Quality & Hardware,True
352385,199801,@AmazonHelp I have shared the details,Mon Oct 09 10:51:59 +0000 2017,352386,"@199801 Thank you for confirming. If you have shared your details, our team will get back to you soon. ^AG",Mon Oct 09 11:15:26 +0000 2017,General Inquiry & Feedback,False
440322,219482,@AmazonHelp Does you sorry can solve my problem. @115850 @AmazonHelp,Fri Oct 27 13:34:50 +0000 2017,440323,@219482 I understand your concern. Please respond to the email you've received from us for further issues. ^YP,Fri Oct 27 13:49:00 +0000 2017,General Inquiry & Feedback,False
75988,133007,Seriously !! What the fuck is the point of @115830 prime !!!,Wed Nov 29 19:59:37 +0000 2017,75986,@133007 We'd like to try to help in any way we can. Will you please tell us more about what's going on? Do you need help with a current order?  ^SC,Wed Nov 29 20:30:10 +0000 2017,"Account, Billing & Prime",True
377217,205513,"@AmazonHelp Thanks RD 😇. I understand that it's not shipping sooner but if at all, 407-6571709-0284367. Thought of putting it out there 😐.",Mon Oct 09 04:39:18 +0000 2017,377219,@205513 You're welcome. You will receive your order by the promised date. 1/2 ^PS,Mon Oct 09 05:44:00 +0000 2017,General Inquiry & Feedback,False
227023,170157,"Really @115850??
What happened to the beautiful product ads? What happened to creative carousels?
automation fucked it up. https://t.co/GJHlVFcZya",Thu Oct 05 07:17:45 +0000 2017,227021,@170157 I'm unable to comprehend your concern. Could you please elaborate so that we can assist you accordingly? ^MM,Thu Oct 05 07:42:16 +0000 2017,General Inquiry & Feedback,False
432967,217978,"@AmazonHelp hi, how do i go about getting a refund for a fifa code i bought that did not work?",Tue Oct 10 15:53:24 +0000 2017,432966,@217978 We'd be happy to help. Please contact us here: https://t.co/qy3J24VGxb ^AF,Tue Oct 10 16:01:46 +0000 2017,"Returns, Refunds & Cancellations",True
22542,120924,Hi I returned my order and I followed the proper procedure but got back an empty dabba from post office. @115850 @AmazonHelp PFA photos https://t.co/DmP0UrEttf,Wed Nov 01 08:10:13 +0000 2017,22540,@120924 the issue. Please don’t provide your details as we consider them to be personal information. Our Twitter page is public. 2/2 ^SH,Wed Nov 01 08:39:24 +0000 2017,General Inquiry & Feedback,False
253415,156910,@AmazonHelp hello guys I bought a 6 feet charging set and just checked the site and it was delivered on ... https://t.co/kT0NV0YI0V,Thu Oct 05 17:41:47 +0000 2017,253412,@156910 Uh oh! I'm sorry you haven't received your item! Have you had a chance to try these helpful tips:https://t.co/GH2FEspol2 ^ML,Thu Oct 05 17:44:28 +0000 2017,Order Status & Logistics,False
136174,146684,@AmazonHelp The status says 'Your items may be lost' ! And the first estimated delivery was 22nd then moved to 23rd. Order is for my mothers birthday which is tomorrow! And order was over £80!,Fri Nov 24 09:19:54 +0000 2017,136173,@146684 I'm sorry to hear of this. Can you please reach out to us directly via the following link and we'll see what we can do for you:  https://t.co/JzP7hlA23B. ^KI,Fri Nov 24 09:34:00 +0000 2017,General Inquiry & Feedback,False
200001,163184,@115850 @AmazonHelp @115821 Pathetic customer support experience despite being a Prime &amp; being one of the first buyers of Amazon Echo !!,Wed Oct 04 19:24:16 +0000 2017,200000,@163184 Our apologies. Could you tell us more about your concern for better assistance? ^YP,Wed Oct 04 19:32:00 +0000 2017,"Account, Billing & Prime",True
13884,118918,"@AmazonHelp why are you removimg @79087 from your tweets? I have official email from @79087 they dont care , they did not sell this product.",Tue Oct 31 08:10:12 +0000 2017,13883,@118918 I get your concern.We wouldn't be able to work on the issue until we receive a service denial letter from the manufacturer.^NS,Tue Oct 31 08:25:00 +0000 2017,General Inquiry & Feedback,False
249984,175401,@81 @116875 De casualidad me encontraron en casa.,Thu Oct 05 16:52:54 +0000 2017,249982,@175401 Hola Carlos. Puedes reportar lo sucedido a nuestro Servicio de atención al cliente (https://t.co/beR78A4nQ9) ^HC,Thu Oct 05 17:03:00 +0000 2017,General Inquiry & Feedback,False
273180,181241,@AmazonHelp Very very Worst Experience Shopping With You Worst Servicess After Sale,Fri Oct 06 09:48:16 +0000 2017,273182,@181241 Whenever possible we do offer to pick up the order to reduce customer effort. I'll forward your feedback internally. 2/2 ^PS,Fri Oct 06 10:09:00 +0000 2017,General Inquiry & Feedback,False
536596,244334,Amazonプライム神だなぁ https://t.co/CP1r8bhf2B,Sat Dec 02 13:14:37 +0000 2017,536595,"@244334 壁|▽//)ゝﾃﾚﾃﾚ  そのように言っていただけると…
Amazonプライムをご利用いただき、ありがとうございます！どうぞ存分にお楽しみください♪ RI",Sat Dec 02 13:23:29 +0000 2017,General Inquiry & Feedback,False
312101,190544,@AmazonHelp @115821 I want answer y guys fool people About the service which u cannot provide. If cannot deliver on time. Just say it. Don't fool,Sat Oct 07 04:06:03 +0000 2017,312104,"@190544 Thank you for sharing your details, Santosh. We've received them. We'll get in touch with you at the earliest. ^AU",Sat Oct 07 05:16:30 +0000 2017,General Inquiry & Feedback,False
325871,127180,@AmazonHelp Definitely it is...early waiting for invitation...Thank you,Sat Oct 07 18:25:53 +0000 2017,325872,@127180 Me too. Hopefully we'll get it soon. ^HA,Sat Oct 07 18:55:00 +0000 2017,General Inquiry & Feedback,False
123361,143561,"@AmazonHelp Subí el edo de cuenta completo en Pdf, necesito soporte porque me parece terrible que teniendo el saldo suficiente en la tarjeta para hacer el pago del pedido no se pueda hacer nada y la promoción que en tiempo y forma se atendió se pierda. Algún teléfono o algo más personalizado https://t.co/P8EyRSsk6c",Fri Nov 24 01:07:57 +0000 2017,123359,"@143561 Hola, Mirelle. Lamentamos mucho este inconveniente, si ya enviaste los datos solicitados te recomendamos que por favor esperes unas 24 a 48 horas, los compañeros especialistas de cuenta con mucho gusto te estarán dando una respuesta luego de ese plazo. ^CB",Fri Nov 24 01:12:53 +0000 2017,Non-English Support,True
348049,170298,@115850 I bought this one. Delivered 4 days ago. Waiting for installation. https://t.co/RXXSvbJu7L,Sun Oct 08 11:28:07 +0000 2017,352570,@170298 here:  https://t.co/2t6DQoUmNZ. We'll fix this for you. (2/2)^AP,Sun Oct 08 13:10:00 +0000 2017,Order Status & Logistics,False
134819,146393,@AmazonHelp https://t.co/alp4iMsJvX,Fri Nov 24 09:03:09 +0000 2017,134817,"@146393 Hi, has the order already been completed? If not have you tried to reorder to see if the same thing happens? ^BZ",Fri Nov 24 09:12:28 +0000 2017,General Inquiry & Feedback,False
365198,202513,@AmazonHelp my package has been out for delivery since 8am but have a delayed delivery definitely need it for tomorrow smh,Sun Oct 08 19:33:02 +0000 2017,365196,@202513 I'm sorry for the wait! We deliver as late as 8PM. Please keep us updated! ^WT,Sun Oct 08 19:51:00 +0000 2017,Order Status & Logistics,False
388508,207926,@AmazonHelp @115851 almost 20 days gone. I think u will provide my solution after 10 months when warranty expired.shameonyou waste services i hv seen,Thu Oct 26 03:32:36 +0000 2017,388509,"@207926 Sorry for the stretch. As mentioned earlier, we're working on it. Request you to kindly allow us some more time. ^KA",Thu Oct 26 03:56:09 +0000 2017,General Inquiry & Feedback,False
437880,219015,@AmazonHelp I needed the order for Tuesday afternoon so have had to pay for delivery before 1pm instead of getting it free on Prime. Have emailed.,Sat Nov 25 07:16:18 +0000 2017,437881,@219015 We'll look into that for you and get in touch via e-mail soon! ^KI,Sat Nov 25 07:23:27 +0000 2017,"Account, Billing & Prime",True
427040,216572,@115821 @AmazonHelp I’ve just had an alleged failed delivery attempt even though I’ve been at home all day. How can I complain please?,Tue Oct 10 12:42:48 +0000 2017,427038,@216572 I'm sorry for the delayed delivery Mark. You can provide feedback by contacting us here:  https://t.co/JzP7hlA23B ^EM,Tue Oct 10 12:47:28 +0000 2017,General Inquiry & Feedback,False
546386,247051,£7.99 to watch a video on @129773 and the quality may as well be a camera copy 😐 not impressed at all.,Sat Dec 02 17:35:29 +0000 2017,546384,"@247051 Sorry to hear that, Sam. Can I ask if this relates to a particular movie or TV show?^TI",Sat Dec 02 17:37:26 +0000 2017,Product Quality & Hardware,True
77391,133248,@AmazonHelp Muchísimas gracias.,Sat Dec 02 00:00:39 +0000 2017,77392,"@133248 Un placer poder ayudarte, Denisse. ¡Te deseamos un lindo fin de semana!

Saludos.
^Emelina S",Sat Dec 02 00:04:00 +0000 2017,General Inquiry & Feedback,False
531520,243137,"@AmazonHelp How come for new acc setup you take 1.00 from my bank,also why can't an e mail address be added saying its in use when I joined using mobile?",Sat Dec 02 10:30:33 +0000 2017,531519,"@243137 Hi! Thanks for reaching out to us on Twitter! You can find more information about Charges for £1.00 here: https://t.co/DlWBGBZUlg As for the email in use issue, could you possibly have an old account you've forgotten about? ^RB",Sat Dec 02 10:38:29 +0000 2017,General Inquiry & Feedback,False
180689,158472,@AmazonHelp. I cancel my free trial and u guys still charge me...why?,Wed Oct 04 11:53:35 +0000 2017,180687,"@158472 Hi, sorry to hear that, did you get an email to confirm the cancellation? Have you been able to cancel since? ^JJ",Wed Oct 04 12:06:54 +0000 2017,"Returns, Refunds & Cancellations",True
411886,213256,@115821 has the worst cutomer service over the phone. Called in about an order that was supposed to by PRIME and delivered last Wednesday,Tue Oct 10 00:30:12 +0000 2017,411884,"@213256 I'm sorry for the trouble with the order! When you spoke with us, what insights were given? Were any alternatives offered? ^TG",Tue Oct 10 00:41:06 +0000 2017,Order Status & Logistics,False
35863,129963,@123813 ¿Aún se puede contratar con el servicio de mensajería? ¿cuál es el costo?,Wed Nov 01 21:19:50 +0000 2017,61010,"@129963 Hola Luis, ¿te refieres a la membresía Prime? Puedes ver todos los detalles y ventajas aquí: https://t.co/4bRWglauzi. ^LG",Wed Nov 01 21:23:00 +0000 2017,Non-English Support,True
486749,161302,"And C'mon, @115821. I understand and advocate the need for security, but don't give us a credit card and then tell us we need to confirm the number on first use ... Fine, be like that.",Fri Dec 01 15:26:14 +0000 2017,486747,"@161302 Oh no, Katherine! Could you explain to us what happened, without providing any personal account information? ^GP",Fri Dec 01 15:39:00 +0000 2017,General Inquiry & Feedback,False
13888,118918,@AmazonHelp I have visited multiple times. why would a sc change uts policy to meet ur unreasonable demands? this issue is ongoing since 1.5 months.,Tue Oct 31 07:53:39 +0000 2017,13885,"@118918 If the manufacturer refuses to honor warranty on a device, you shall receive a service denial letter for the same. ^HK",Tue Oct 31 08:08:03 +0000 2017,General Inquiry & Feedback,False
182856,159023,@AmazonHelp No update. No mobile number of courier person. FYI,Wed Oct 04 15:06:31 +0000 2017,182855,"@159023 Sorry for that, Nitin. Request you to please reply to the correspondence that was sent to you by our team. ^NK",Wed Oct 04 15:20:06 +0000 2017,General Inquiry & Feedback,False
197915,162534,"@AmazonHelp I haven't received my order Tracking #: 447189389074
N the same happened to my order from mumbai. And now your site doesn't provide COD.",Wed Oct 04 13:53:25 +0000 2017,197916,@162534 I'm sorry for the inconvenience. We'd like to look into it closely. Kindly fill in your details  (1/2)^AP,Wed Oct 04 14:02:00 +0000 2017,Order Status & Logistics,False
439653,219376,"@AmazonHelp Sí,luego iré a recogerlo y pondré una reclamación a @132703, ya q los d Albal, están siempre dando problemas.Por vuestra parte todo Ok",Wed Oct 11 10:23:17 +0000 2017,439652,"@219376 Entiendo, en caso de necesitar asistencia adicional recuerda que estamos a tu disposición siempre que necesites. ¡Saludos!. ^AZ",Wed Oct 11 10:25:56 +0000 2017,Non-English Support,True
503574,235347,@AmazonHelp on 30th October I found my letter box on the floor like this. After four emails and a frustrating phone call I have still had no contact from Amazon Logistics as to how they will reimburse me for the damage. Please sort it out! https://t.co/6KqeajlV4P,Fri Dec 01 20:04:51 +0000 2017,503573,"@235347 Thank you for contacting us, Nicola! I am so sorry for the damages. We are here to help! I'd like to have a specialist from our team take another look at the this. For us to do so, please provide the requested details in this secure link: https://t.co/4c5fsCL9pH ^SC",Fri Dec 01 20:17:28 +0000 2017,General Inquiry & Feedback,False
226081,169978,@AmazonHelp Aber Erfahrungsgemäß erfährt man den vor dem Versand der Ware oder?,Mon Oct 02 10:51:16 +0000 2017,226080,"@169978 Hi, klar erfährst du das vorher! Wenn es hier Neuigkeiten gibt, wirst du es auf der Detailseite des Artikels erfahren. Grüße ^AK",Thu Oct 05 06:50:51 +0000 2017,General Inquiry & Feedback,False
115937,141818,"@AmazonHelp Thanks, I’ve emailed with the order number and details.",Thu Nov 23 22:48:15 +0000 2017,115939,"@141818 E-mail responses are expected within 12 hours. For a quicker resolution, please use the phone or chat option. ^GG",Thu Nov 23 22:51:00 +0000 2017,General Inquiry & Feedback,False
424995,216137,@115825 wo ist die neue Outlanderfolge?,Mon Nov 20 17:02:54 +0000 2017,424994,"@216137 Die Kollegen arbeiten daran, die 10te Folge der 3ten Staffel ""Outlander [OV/OmU]"" so schnell als möglich online zu stellen. Bitte hab noch etwas Geduld und behalte unsere Seite im Auge. Viele Grüße ^DS",Mon Nov 20 17:37:40 +0000 2017,General Inquiry & Feedback,False
123431,143574,thankful for amazon taking a month to ship my item and never getting it then saying they can send me a replacement which will also take a month. sick amazon prime two month shipping 🙃,Fri Nov 24 00:53:03 +0000 2017,123429,@143574 I'm very sorry for this wait. What was the initial delivery date as shown on the Your Orders page: https://t.co/Y5jpI9gRhE ^DO,Fri Nov 24 00:56:52 +0000 2017,"Account, Billing & Prime",True
350107,199291,"@AmazonHelp Nothing is working out. Not ur customer care nor this Twitter
 Pls accept that ur delivery service fails.",Sun Oct 08 10:06:57 +0000 2017,350108,@199291 details in the link shred above &amp; we'll get in touch with you. Appreciate your understanding. 2/2 ^MJ,Sun Oct 08 12:09:25 +0000 2017,General Inquiry & Feedback,False
229832,170770,@115821 @115850 Order #: 402-8520907-1530733. Delivery person didn't contact me but recd an SMS saying he tried to. 1/2,Thu Oct 05 08:26:11 +0000 2017,229833,"@170770 Also, as the order is returned we'll not be able to reinstate it. Request you to place a new order.2/2 ^MM",Thu Oct 05 08:45:29 +0000 2017,General Inquiry & Feedback,False
278709,182466,"@115850 I had ordered this for last Diwali. It's been a year and you're still ""Preparing for dispatch"" !! 😂😂😂 https://t.co/YBC1fJrlVO",Fri Oct 06 06:47:16 +0000 2017,278708,"@182466 Please don't provide your order details, we consider it to be personal information. Our page is visible to the public. ^KA",Fri Oct 06 08:17:28 +0000 2017,General Inquiry & Feedback,False
517585,239351,"@AmazonHelp Contraseña incorrecta y ya la cambié 2 veces, aun así me sale lo mismo",Sat Dec 02 02:01:11 +0000 2017,517587,"@239351 Alexander, por favor contacta con nuestros colegas de Servicio al Cliente para una atención personalizada y puedan asistirte con esta incidencia. 
Lo puedes hacer a través del siguiente enlace que no te va a pedir iniciar sesión: https://t.co/dKW0dvmxkc
^LC",Sat Dec 02 02:08:30 +0000 2017,Non-English Support,True
418827,214892,Amazonコンビニ払いの支払いID1個づつ出るようになったのか,Tue Oct 10 04:12:54 +0000 2017,418826,@214892 Amazonをご利用いただき、ありがとうございます。ご注文の発送が複数に分かれた場合、お支払い番号は発送ごとに発行されます。 YM,Tue Oct 10 04:44:52 +0000 2017,General Inquiry & Feedback,False
476826,228322,"@AmazonHelp Contacted your support team they were suppose to call me yesterday, didn’t get any call. Issue is still there",Fri Dec 01 11:23:48 +0000 2017,476825,@228322 I'm sorry for the trouble. Please try connecting with our support team using the link again. Keep us posted if you couldn't get connected. ^RW,Fri Dec 01 11:33:24 +0000 2017,General Inquiry & Feedback,False
164849,154210,@AmazonHelp Stephen King e Agatha Christie são os meus amores ❤,Fri Nov 24 21:45:58 +0000 2017,164850,@154210 Esses dois são demais! Eu sou fã do Stephen King! Você já leu O Iluminado? ^JJ,Fri Nov 24 21:54:26 +0000 2017,General Inquiry & Feedback,False
454519,222863,"@AmazonHelp No email stating it was delayed, the last check in was at 5:18am, in a different city
It didn't ship until 10:37pm last night, seems a little late for a package I paid extra to arrive yesterday, its from Amazon.ca",Thu Nov 30 23:41:42 +0000 2017,454521,"@222863 We're unable to view any order-specific options via Twitter, but we'd like to make sure this is addressed! Please reach out to us via chat or phone and let us know we've missed your delivery date: https://t.co/Q7Ftz6nj80 ^WT",Thu Nov 30 23:50:37 +0000 2017,Order Status & Logistics,False
31397,122920,@115830 I've ordered an item weeks ago it's not been delivered contacted seller twice but not getting help with a refund from them,Wed Nov 01 12:04:11 +0000 2017,31396,@122920 It sounds like it's time for an A-to-Z Guarantee Claim. Here's the instructions to submit a claim: https://t.co/8wCudRz9ei ^MJ,Wed Nov 01 12:16:26 +0000 2017,"Returns, Refunds & Cancellations",True
198687,162745,"@AmazonHelp It's okay lovely, he delivered it at 9. Thank you very much anyway 😀",Wed Oct 04 20:16:50 +0000 2017,198686,"@162745 Thanks for the update, Amelia! We're always happy to help! ^ML",Wed Oct 04 20:27:36 +0000 2017,Order Status & Logistics,False
282175,119965,@AmazonHelp @AmazonHelp  yet my ordered product not deliver. I gifted this product to someone.,Sat Oct 07 08:48:52 +0000 2017,282177,"@119965 Sorry for the hassle. Could you please confirm, if you've reported this to our support team from the link shared earlier?^HN",Sat Oct 07 10:40:00 +0000 2017,General Inquiry & Feedback,False
320393,192343,@115850 - Your support team really sucks. Simple refund of courier charges and you guys have made it tougher than getting a passport.,Sat Oct 07 11:42:29 +0000 2017,320392,@192343 your details here: https://t.co/beaaDm0muc and we'll get this sorted out right away. 2/2^EM,Sat Oct 07 11:59:30 +0000 2017,"Returns, Refunds & Cancellations",True
331976,195052,@AmazonHelp Carrier: AMZL US,Sat Oct 07 18:56:02 +0000 2017,331979,"@195052 Thanks for confirming! Please provide details here: https://t.co/ODsWLa93mL, so we can look further into this for you. ^WJ",Sat Oct 07 19:00:01 +0000 2017,General Inquiry & Feedback,False
179142,158237,"@AmazonHelp Thanks for the quick reply! No, but I cannot choose my country from the dropdown when using the Voiceover screen reader.",Wed Oct 04 09:59:35 +0000 2017,179139,@158237 Is your country available in the drop down menu? What Amazon website is your acc on? https://t.co/1fz78PNFM0? ^JJ,Wed Oct 04 10:11:00 +0000 2017,General Inquiry & Feedback,False
207603,165095,@AmazonHelp 😁😂🙈Pista 2 https://t.co/dB8F929EQY,Fri Nov 03 18:18:34 +0000 2017,207601,"@165095 Mmm, ¿peliculas 🎞? ^MB",Fri Nov 03 18:26:00 +0000 2017,General Inquiry & Feedback,False
367405,203037,"@AmazonHelp 'Undeliverable' but you have regularly delivered to that address before, including recently.",Sun Oct 08 21:33:19 +0000 2017,367406,@203037 Hmm. Let's dig a little more into this and find out why: https://t.co/JzP7hlA23B ^JZ,Sun Oct 08 21:38:04 +0000 2017,Order Status & Logistics,False
352597,199840,And don’t worry. I’ve already called @115821 customer service and they told me they can deliver tomorrow......when I’m at work. Great.,Sun Oct 08 12:57:15 +0000 2017,352595,"@199840 Hi Becca, sorry to hear that. Have you set unattended delivery preferences on your acc: https://t.co/PKuJMjS1Ya? ^JJ",Sun Oct 08 13:06:00 +0000 2017,General Inquiry & Feedback,False
260807,178092,@AmazonHelp It's not a quiet area. It's ridiculous that I got home my parcel is soaking wet and there was bloody slugs on it. # epicfail,Thu Oct 05 21:28:35 +0000 2017,260810,@178092 We'd like to take a look at this with you. Please call or chat with us here: https://t.co/JzP7hlA23B ^MH,Thu Oct 05 21:31:00 +0000 2017,Order Status & Logistics,False
215043,158949,@AmazonHelp already shared the details yesterday but no response yet,Thu Oct 05 08:38:16 +0000 2017,215045,@158949 You should've received an email correspondence from us here: https://t.co/8DAc10S7ww please refer. ^AG,Thu Oct 05 09:15:29 +0000 2017,General Inquiry & Feedback,False
464242,225387,"@AmazonHelp Yes, on two items.",Fri Dec 01 04:00:46 +0000 2017,464244,"@225387 Thanks for the information. In the link provided by BN, what does the most recent tracking state? ^GG",Fri Dec 01 04:02:29 +0000 2017,General Inquiry & Feedback,False
391210,208514,"@AmazonHelp Il m'a été envoyé par ""SAS AU DELA DU DÉCOR""",Mon Oct 09 16:17:58 +0000 2017,391211,@208514 Je vous invite à prendre contact avec le vendeur afin de vérifier cela pour vous ^ Ko,Mon Oct 09 16:25:31 +0000 2017,General Inquiry & Feedback,False
317926,191865,@115821 my name is Avelino Baptista Amazon lost my products and they wouldn't refund me back my money.,Sat Oct 07 09:11:49 +0000 2017,317918,@191865 Hi there- Without providing personal info can you explain further what has happened? We would like to help. ^NV,Sat Oct 07 09:30:52 +0000 2017,"Returns, Refunds & Cancellations",True
546472,247069,"@AmazonHelp Unfortunately due to where we live there is no Safe Place, would have appreciated a “sorry we missed you” notice rather than my parcels being left on full display",Sat Dec 02 17:59:14 +0000 2017,546474,@247069 Thank you for the information! Let's take a look into this in real time: https://t.co/JzP7hlA23B. ^AL,Sat Dec 02 18:05:31 +0000 2017,General Inquiry & Feedback,False
379569,198928,@115850 Dont buy from amazon they really have very phatetic services in India sab kae sab chor hai,Mon Oct 09 06:45:57 +0000 2017,379567,@198928 Sorry to hear that. We've emailed you. Kindly check and respond. ^NS,Mon Oct 09 07:12:24 +0000 2017,General Inquiry & Feedback,False
444398,220270,"@AmazonHelp Aparece como ""enviado"". Le paso imagen para que lo compruebe: https://t.co/MwWp72UdCf",Wed Nov 22 10:46:38 +0000 2017,444399,"@220270 Entiendo, puedes contactar con Soporte al Cliente https://t.co/3VUNgKe6KR para poder verificar tus opciones ^VL",Wed Nov 22 10:49:00 +0000 2017,Non-English Support,True
425129,134321,@AmazonHelp How much time do you people need. Be specific else return my money. Keep solving whatever the problem is. I need my money back. Why should I pay when the order was not delivered to me?,Mon Nov 20 03:14:18 +0000 2017,425127,@134321 Apologies for the stretch. Please reply to our correspondence received from the link provided earlier and we will get in touch with you shortly. ^BS,Mon Nov 20 03:19:00 +0000 2017,"Returns, Refunds & Cancellations",True
181249,158559,@AmazonHelp Who do I contact regarding a missing package and to file a complaint against Amazon logistics driver?,Sat Nov 25 01:43:06 +0000 2017,181247,"@158559 Hi Tee. I'm sorry to hear you have a missing package! We'd like to help the best we can. When you have the chance, please fill in your details here: https://t.co/X9CV9FsNrN and a specialist will contact you as soon as possible. ^HC",Sat Nov 25 01:45:26 +0000 2017,Order Status & Logistics,False
218201,168023,Need to print a return label for @115821 but don’t have a printer. Now waiting on delivery of the printer that I’ve ordered from amazon.. 🤔,Wed Oct 04 22:02:18 +0000 2017,218200,@168023 I'm sorry for the wait. Have we missed the delivery date provided on your order confirmation e-mail? ^MB,Wed Oct 04 22:17:38 +0000 2017,"Returns, Refunds & Cancellations",True
527126,242005,@115850 When the lighting deal cost more than regular price! #amazon #price https://t.co/AANWISeWvP,Sat Dec 02 07:26:05 +0000 2017,527125,"@242005 Thank you for flagging this, Prasanth. I have forwarded it to our internal team for a review. Appreciate your effort. ^SI",Sat Dec 02 07:46:27 +0000 2017,General Inquiry & Feedback,False
244134,168913,"@AmazonHelp I won't. Because the address is marked as residential, when I set it as business. I'm so fed up with this. Your service is horrendous now.",Thu Oct 05 15:37:17 +0000 2017,244135,"@168913 Sarah, I'd like for you to contact us here: https://t.co/JzP7hlA23B  so we can look into this a bit further! Keep us posted! ^FR",Thu Oct 05 15:48:00 +0000 2017,General Inquiry & Feedback,False
11404,118184,"そういえば、電熱ヒーターもどきをAmazonで買ってたな。寒くなったし試すか。(´ω｀)

あったー😹えっ、…入らない😿

いや、でもヒーター部分は使えるかも❕❗❕

…縫い糸がケーブル貫通しとるやないかーい😂

まあ、400円だから…またなんか探そっと😸

皆さんも防寒対策お気をつけください🙋 https://t.co/b7tvSIEeGm",Wed Nov 22 12:36:16 +0000 2017,11402,@118184 ご迷惑をおかけしております。お届けした商品に問題があった場合、Amazonが発送する商品は返品・交換（可能な商品のみ）にて対応させていただいております。お手数ですが、リンクをご参照の上お手続きください。https://t.co/TYbxdUDknb TN,Wed Nov 22 12:41:00 +0000 2017,General Inquiry & Feedback,False
120199,142685,"@AmazonHelp In general words, I'll get the amount back in my bank account?",Thu Nov 23 23:06:24 +0000 2017,120201,"@142685 If you have used your Debit card, the refund will go into your Bank account. ^MK",Thu Nov 23 23:18:28 +0000 2017,"Account, Billing & Prime",True
170997,155880,I ordered it this morning to arrive tomorrow. Get your shit together @115821 https://t.co/2S0otUQnXj,Fri Nov 24 21:47:17 +0000 2017,170996,@155880 I'm sorry your order isn't arriving as expected! What is the delivery date given in the email confirmation you received? ^AH,Fri Nov 24 21:59:28 +0000 2017,General Inquiry & Feedback,False
459902,224284,@AmazonHelp pls find the attachment and do the needful. https://t.co/u8zCoIax1L,Fri Dec 01 01:42:45 +0000 2017,459903,@224284 I'm sorry to learn about the issues you're facing with the order. We will not be able to access your account details over social platform. Kindly report this to our support team here: https://t.co/TdDksLo6Mf (1/2) ^SD,Fri Dec 01 01:58:01 +0000 2017,General Inquiry & Feedback,False
25930,121658,"@AmazonHelp Also geprüft und für negativ befunden, ich hoffe das Paket kommt heute an und vor allem gut Verpackt, die 3te Box war leider zerknickt ...",Wed Nov 01 11:13:02 +0000 2017,25932,@121658 Ich drücke dir auf alle Fälle die Daumen. ^AN,Wed Nov 01 11:15:29 +0000 2017,General Inquiry & Feedback,False
476822,228321,@AmazonHelp La facilidad (solo tener que escanear un código) y la comodidad de poder recogerlo cuando mejor me venga. Seguís ganando puntos ;),Fri Dec 01 11:25:38 +0000 2017,476821,@228321 Genial. Esperamos que sigas disfrutando de nuestros servicios. 😉 ^KA,Fri Dec 01 11:34:27 +0000 2017,Non-English Support,True
394922,209581,"@115850 Tracking #: 216273107531.
Being prime member, product is not getting delivered even after 2, 4 business days. #AmazonPrime there is of no use.",Sat Nov 25 04:52:27 +0000 2017,394921,"@209581 Please don't provide your order details, as we consider it to be personal information. Our Twitter page is public.​ ^RW 2/2",Sat Nov 25 05:21:27 +0000 2017,Order Status & Logistics,False
483786,137597,"@AmazonHelp TBC010817212009 is marked as delivered at 7pm (after the company mailroom closed), but it's not in the mailroom. Can you tell me did someone sign for it, or where was it left?",Fri Dec 01 14:44:41 +0000 2017,483785,"@137597 Hi there, we do not have access to your account via twitter. You can find the most up to date information about your order here: https://t.co/aaDyEz1VgE. Please let us know if you need further assistance. Thank you ^AP",Fri Dec 01 14:49:30 +0000 2017,Order Status & Logistics,False
249944,175394,@118919  folks looks like u famed delivery model is showing sign of cracking... last 4 order returned back ... that too for noida !!,Thu Oct 05 16:42:31 +0000 2017,249943,"@175394 You must've received an email with reason for the return, please check that and revert for updates. 2/2^MS",Thu Oct 05 17:07:00 +0000 2017,General Inquiry & Feedback,False
279371,182606,@AmazonHelp  https://t.co/nojv3hwcA9,Mon Oct 09 22:47:00 +0000 2017,279372,@182606 We've sent a correspondence to your registered email address. Please check and revert. ^SQ,Mon Oct 09 23:01:29 +0000 2017,General Inquiry & Feedback,False
162150,153430,@AmazonHelp I used Amazon application to order,Sat Nov 25 09:50:31 +0000 2017,162151,@153430 I understand your concern regarding the orders that you've placed. Kindly refer to the link here: https://t.co/JcOCQf0cPE to find your orders. ^BV,Sat Nov 25 10:54:57 +0000 2017,General Inquiry & Feedback,False
534118,243709,@AmazonHelp https://t.co/XD43oXU6wM,Sat Dec 02 11:55:39 +0000 2017,534117,@243709 So sorry to hear that you haven't heard back. Our team would like to look directly into this; can you please provide your information here: https://t.co/4HoYCeoxkn ^GS,Sat Dec 02 11:59:00 +0000 2017,General Inquiry & Feedback,False
453363,222565,@AmazonHelp Will do - probably tomorrow. While I’m tweeting there is a fake account @21011 pretending to be you to get credit card details etc they’ve just tried to DM me.,Thu Nov 30 22:50:10 +0000 2017,453365,@222565 Thank you for reaching out to us about this. ^VS,Thu Nov 30 22:54:41 +0000 2017,"Account, Billing & Prime",True
362442,201843,@116618 is there a prob with your app on smart TVs? 2 days and still not working 😩,Sun Oct 08 17:53:12 +0000 2017,362441,@201843 Have you had a chance to phone us for some live troubleshooting: https://t.co/hApLpMlfHN ? Please let us know! ^LB,Sun Oct 08 18:23:35 +0000 2017,Product Quality & Hardware,True
141057,147816,@117086 Cadê as promoções da Black Friday ??,Fri Nov 24 11:37:38 +0000 2017,141055,"@147816 Olá Alexandre, pode conferir as promoções de Black Friday aquí:https://t.co/pxWQxVDBaF . ^MB",Fri Nov 24 11:51:27 +0000 2017,General Inquiry & Feedback,False
107288,139830,"@116316 Ist für die Zukunft geplant, dass man Amazon Prime verschenken kann? Wäre das perfekte Weihnachtsgeschenk für meinen Vater.",Thu Nov 30 18:41:47 +0000 2017,107287,"@139830 Hi, deinen Wunsch nach dieser Option leite ich gerne weiter. :) Leider kann ich nicht versprechen, ob wir das umsetzen können. Liebe Grüße ^SI",Thu Nov 30 18:48:31 +0000 2017,"Account, Billing & Prime",True
331982,195053,@AmazonHelp It's not done  anything it went off but then just came back to this screen,Sat Oct 07 18:59:12 +0000 2017,331984,@195053 We'd like to assist you with this in real-time. Reach out using this link for us to do so: https://t.co/qy3J24VGxb ^GL,Sat Oct 07 19:02:00 +0000 2017,General Inquiry & Feedback,False
333580,195472,@AmazonHelp Looks like your truck https://t.co/Md8epNEbee,Sat Oct 07 19:48:31 +0000 2017,333582,@195472 We want our team to investigate this further with you. Please reach out to us using the secure link: https://t.co/e9nkJ5EKTr ^GR,Sat Oct 07 20:06:00 +0000 2017,General Inquiry & Feedback,False
132458,145882,@AmazonHelp Yes that worked many thanks 👍,Fri Nov 24 08:36:03 +0000 2017,132460,"@145882 Great, thanks for the update Joe. Happy Black Friday :) ^TP",Fri Nov 24 08:39:54 +0000 2017,General Inquiry & Feedback,False
420008,215136,"@AmazonHelp @AmazonHelp I was shocked after receiving this fake order.
Kindly checki the delivery time and complaint time too. https://t.co/FA3aGfD0X8",Tue Oct 10 06:53:08 +0000 2017,420009,@215136 Sorry about that. Could you let us know if you've shared your details via link mentioned earlier? ^AK,Tue Oct 10 07:14:00 +0000 2017,Product Quality & Hardware,True
353190,132741,"Want to buy a 4TB External HDD from @115850 #GreatIndianFestival sale. Any good deal?

#LastDayOfGreatIndianFestival",Sun Oct 08 11:55:17 +0000 2017,353189,@132741 You can spot some great deals here : https://t.co/Nhr6aXtv7d . Hope this helps. ^CB,Sun Oct 08 13:43:01 +0000 2017,General Inquiry & Feedback,False
512337,237823,"@AmazonHelp I ordered a $300 CPU and in the box was a fidget spinner. If I wanted to get scammed, I would've went to eBay 🙃",Fri Dec 01 23:27:46 +0000 2017,512336,@237823 Oh no! This is definitely not the experience we want you to have. Was this item shipped by Amazon or by a 3rd party seller? ^LM,Fri Dec 01 23:42:00 +0000 2017,General Inquiry & Feedback,False
435129,121461,It’s been a month and 3 days since I had placed an order on @115850. I have got “Order delayed” mail thrice already. Can’t even cancel. 😡,Tue Oct 10 15:36:59 +0000 2017,435128,@121461 Apologies for the unpleasant experience. Kindly fill in your details here https://t.co/beaaDm0muc and we'd get back to you. ^VG,Tue Oct 10 16:38:00 +0000 2017,"Returns, Refunds & Cancellations",True
152110,150754,"@115850 Garbage customer service... refund stuck for over 40 days and no resolution on calls, in fact you guys hang up.... pathetic!!! You think you can match Flipkart, in your dream losers. Now get me my refund.",Thu Nov 23 06:14:09 +0000 2017,152109,@150754 Apologies for all the trouble that you have faced. I can understand how disappointing this is getting. Kindly fill in the details on the secured link here https://t.co/beaaDm0muc and we will investigate and connect with you shortly. ^KK,Thu Nov 23 06:41:51 +0000 2017,"Returns, Refunds & Cancellations",True
28413,122219,@AmazonHelp @115821 Two more days and still nothing. Delivery over a week late now. This has been going on for two months.,Thu Oct 26 12:25:01 +0000 2017,28412,@122219 We are still working on this! Please be sure to check your e-mail for further updates. ^ZW,Thu Oct 26 12:32:00 +0000 2017,Order Status & Logistics,False
323388,193009,"@AmazonHelp Hi, its about the item and services promised for this item. Its a home security camera.",Sat Oct 07 14:43:24 +0000 2017,323391,@193009 Would you be able to provide more information on the content of the review? ^GR,Sat Oct 07 14:52:00 +0000 2017,General Inquiry & Feedback,False
33265,123351,@AmazonHelp This is not going to help! I understand how you people work. Your delivery team don’t deliver and they say that customer not available! Lier https://t.co/gXQwLEuJJG,Wed Nov 01 13:38:30 +0000 2017,33266,@123351 Please share the required details on the link provided earlier and we'll check this for you. ^YP,Wed Nov 01 13:50:25 +0000 2017,General Inquiry & Feedback,False
439763,219393,"@AmazonHelp Yo estaría feliz de enviar el Kindle a un punto de recogida. Pero no puedo. No me deja. Simple y llanamente estoy ""obligado"" a enviar el Kindle a mi piso, pero de día nunca habrá nadie para recibirlo.

Lo puedo pagar, no lo puedo comprar. https://t.co/Ekog0sub3B",Wed Oct 11 10:23:33 +0000 2017,439765,"@219393 Lamento este inconveniente, Zore, ¿Has entrado en contacto con nuestro Servicio al Cliente al respecto? ^AZ",Wed Oct 11 10:36:05 +0000 2017,Non-English Support,True
47932,126720,@115850 I have replied to the email but Amazon customer care not refunding courier charges which they promise .I should report this to Jeff Bezos,Wed Nov 01 17:05:54 +0000 2017,49130,@126720 I get your concern. If you have replied to the email sent by our team we'll get back to you shortly. ^MP,Wed Nov 01 17:24:31 +0000 2017,General Inquiry & Feedback,False
244928,174156,"@AmazonHelp  added Rs.1962 to paybalance, money deducted twice, been more than one hour money still not added. Still showing message to wait https://t.co/r8o1e8CjyM",Thu Oct 05 14:38:50 +0000 2017,244927,"@174156 Please don't provide your order details, as we consider it to be personal information. Our Twitter page is public.​ 2/2 ^NK",Thu Oct 05 14:58:00 +0000 2017,General Inquiry & Feedback,False
458914,223985,@115821 your prime delivery expectation dates suckkkkkkkkkkkk ass,Fri Dec 01 01:13:55 +0000 2017,458913,"@223985 I'm sorry we've let you down! Just to clarify, have we missed the delivery date given to you in checkout/confirmation e-mail? ^HS",Fri Dec 01 01:19:55 +0000 2017,"Account, Billing & Prime",True
304385,188695,"@AmazonHelp @AmazonHelp I ordered a lightbulb to light my house, why is it your agenda to ruin my life and keep me in the dark. MY VOICE WILL BE HEARD",Fri Oct 06 22:51:57 +0000 2017,304383,"@188695 I'm sorry to hear we've let you down, Justin! Have we missed the delivery date shown in your confirmation e-mail?  ^FR",Fri Oct 06 22:57:05 +0000 2017,General Inquiry & Feedback,False
174593,156937,@116928 sera que ya no les importa el servicio al cliente en Amazon o ya no saben entrenar a su personal para que atiendan y corrijan los problemas que ocasiona su plataforma,Fri Nov 24 23:09:07 +0000 2017,174588,"@156937 ¡Hola, Jose Efrain! Lamentamos las molestias ocasionadas.
Te recomendamos contactar con nuestro Servicio al Cliente a través del siguiente enlace que no te va a pedir iniciar sesión: https://t.co/J7JhV0UADH ^LC",Fri Nov 24 23:15:25 +0000 2017,Non-English Support,True
93497,136262,Hey @115830 free 1 day delivery with a delivery date in 3 days? Why am I paying for prime? https://t.co/tBQ6DjndfA,Thu Nov 30 15:53:01 +0000 2017,93495,"@136262 Hey, Simon! The free 1-day delivery actually refers to after the item ships. You can find more information on how delivery dates are calculated here: https://t.co/ZZcrpqYDjM. ^DY",Thu Nov 30 15:56:32 +0000 2017,"Account, Billing & Prime",True
418802,214888,@AmazonHelp i has sent a message to Amazon.. please reply it :),Tue Oct 10 04:52:29 +0000 2017,418804,"@214888 Typically, we recommend reaching out via phone for the quickest resolution. Keep us posted on the reply. ^EP",Tue Oct 10 05:08:38 +0000 2017,General Inquiry & Feedback,False
384468,207034,@AmazonHelp Yes I've shared.I need a call.,Wed Oct 11 07:57:24 +0000 2017,384469,@207034 Thank you for providing your details. We will get back to you once we have an update. ^GU,Wed Oct 11 08:55:29 +0000 2017,General Inquiry & Feedback,False
304571,188726,Tnx @116090 for charging me extra for same day shipping through @916 that DOES’T show up the same day 🙄😒 // tomorrow’s gunna suck,Sat Nov 04 04:11:03 +0000 2017,304570,@188726 I'm so sorry for the delay! What's the current tracking shown here: https://t.co/PyACxvY8Qo? ^AG,Sat Nov 04 04:22:28 +0000 2017,General Inquiry & Feedback,False
428270,216862,@AmazonHelp how long does it take to investigate an acct? Acct was jacked &amp; I need access to it. Haven't heard anything in almost 2 wks.,Tue Oct 10 13:37:59 +0000 2017,428268,"@216862 Thanks for reaching out, Melanie! Did you reply to our Account Specialists with the information requested? Let us know! ^FD",Tue Oct 10 13:40:00 +0000 2017,General Inquiry & Feedback,False
13565,118829,@AmazonHelp https://t.co/saX0kAZVCW!,Wed Nov 01 01:33:35 +0000 2017,13564,@118829 Can you confirm the delivery date provided in your order confirmation email? It can be viewed here: https://t.co/1aMUiU8Rcg ^LA,Wed Nov 01 02:02:33 +0000 2017,General Inquiry & Feedback,False
276132,181967,"Sooo @AmazonHelp I pre ordered my SNES Classic a week ago, any updates on when I might be getting it?",Fri Oct 06 07:12:54 +0000 2017,276131,@181967 You can check updates to the order here: https://t.co/Y5jpI9gRhE What date for delivery is it advising? ^PK,Fri Oct 06 07:23:56 +0000 2017,General Inquiry & Feedback,False
549403,247932,"Esperando a que llegue el mensajero de Amazon, lo mas cercano a esperar a alguien este 2017.",Sat Dec 02 18:30:19 +0000 2017,549402,"@247932 Hola Rodri, sin compartir información personal o confidencial de tu pedido o cuenta ¿podrías comentarnos cual es la fecha de entrega que aparece en el correo de confirmación al momento que realizaste la compra? ^RC",Sat Dec 02 18:32:26 +0000 2017,Non-English Support,True
297977,186977,@AmazonHelp Blimey well it turned up :-),Fri Oct 06 19:56:14 +0000 2017,297978,"@186977 Awesome! Glad it all turned up sorted, Neil! Please let us know if you need anything else, we're always here to help. 😊 ^JD",Fri Oct 06 20:03:41 +0000 2017,General Inquiry & Feedback,False
426296,216398,@AmazonHelp Don't have the details.Friend ordered for. Shared the order ID.,Tue Oct 10 12:40:16 +0000 2017,426297,@216398 Kindly ask your friend to fill the form. We'll work on the issue. ^NS,Tue Oct 10 12:47:28 +0000 2017,General Inquiry & Feedback,False
141978,148042,"@AmazonHelp How should I do this? I can't log into my account! Don't you get it?! I reset my password, but the new password is also incorrect.",Fri Nov 24 12:33:36 +0000 2017,141976,"@148042 Apologies, please click on this link not requiring you to sign in instead: https://t.co/zH8UlhTGcc ^BD",Fri Nov 24 12:40:31 +0000 2017,"Account, Billing & Prime",True
288648,184775,Amazonプライムでゆゆゆ最新話が最速放送直後から見られると聞いて入会を決意した,Sat Nov 25 03:05:01 +0000 2017,288647,@184775 ご検討いただきありがとうございます。Amazonプライムには、ビデオ以外にも様々な特典がございますので、ぜひお楽しみください！ https://t.co/ILpOhy3zoG EK,Sat Nov 25 03:32:30 +0000 2017,General Inquiry & Feedback,False
18139,120032,"@AmazonHelp Have already shared my registered mobile no. 9673101122, but I m currently contactable on 9818601122",Wed Nov 01 06:11:05 +0000 2017,18142,@120032 Please respond to our email or request a call back through the same mail so we could reach out to you. 1/2 ^VH,Wed Nov 01 06:20:23 +0000 2017,General Inquiry & Feedback,False
518767,239688,Hey @115821 where my speakers at? I need to make some music ASAP,Sat Dec 02 02:15:09 +0000 2017,518766,@239688 Oh no! Did we miss the date given on the confirmation email? ^BA,Sat Dec 02 02:17:55 +0000 2017,General Inquiry & Feedback,False
264447,179016,"@179017 @115786 @AmazonHelp I Got my #XboxOneX and the Outside box looked like Ace Ventura delivered it, Amazon used to big of a box and did not put anything inside to protect it worst delivery i have ever received thank goodness the #ScorpioEdition box was fine and it is a miracle!",Wed Nov 08 07:48:11 +0000 2017,264446,@179016 Hey Daniel. Sorry to hear. Please submit packaging feedback here -  https://t.co/vzraKcVlKs ^TP,Wed Nov 08 07:57:00 +0000 2017,Order Status & Logistics,False
155173,151586,@AmazonHelp El problema es que me dicen que llegaba desde antier y marqué hace un momento y me dicen que apenas asignarán conductor. Pueden agilizar este proceso o pueden cancelarme el pedido y darme un reembolso?,Fri Nov 24 16:57:34 +0000 2017,155172,@151586 Gracias por la información. Te comentamos que desde este departamento no contamos con acceso a tu cuenta. Por lo tanto para reportar la situación puedes ponerte en contacto con atención al cliente a través de este enlace: https://t.co/beR78zMMYB. ^MZ,Fri Nov 24 17:00:42 +0000 2017,Non-English Support,True
350800,199463,"Hey @115850 since your customer care is worst as usual, can you help me with my order which isn’t deliver yet!?",Sun Oct 08 08:36:42 +0000 2017,350799,@199463 I'm sorry you've not received your order. Could you let us know about the estimated delivery date of the order? ^AP,Sun Oct 08 10:45:00 +0000 2017,General Inquiry & Feedback,False
58081,118081,"@AmazonHelp I have not been emailed any status updates at all since I preordered the item over 2 months ago. so no, this is not true.",Wed Nov 01 20:32:53 +0000 2017,58083,"@118081 We'd like to help! What's the current status of your order, shown here: https://t.co/Y5jpI9gRhE? ^AG",Wed Nov 01 20:37:00 +0000 2017,General Inquiry & Feedback,False
142132,148075,@115830 hello. appreciate it's a busy day for you but any help appreciated! I have been sent a discount code which I can't seem to make work.  I have checked the terms and conditions and think i meet them all but getting a message saying code cannot be applied.  Thanks!,Fri Nov 24 12:05:50 +0000 2017,142130,"@148075 Hey Phil, without revealing any personal info, can you tell us in relation to what was your code sent out? Would you be able to give us a link to the promotion?^MA",Fri Nov 24 12:14:26 +0000 2017,General Inquiry & Feedback,False
319732,162009,@AmazonHelp Thanks to unhelpful/incomplete information on missed delivery card from Amazon Logistics,Sat Oct 07 12:11:45 +0000 2017,319734,"@162009 Sorry to hear that, please contact us here: https://t.co/JzP7hlA23B so an agent can look into this further. ^JJ",Sat Oct 07 12:18:57 +0000 2017,General Inquiry & Feedback,False
301818,121292,@AmazonHelp Prime package out for delivery today but it's now 10pm. Can I go to bed or do you plan to knock at midnight?,Fri Oct 06 21:00:16 +0000 2017,301817,@121292 I'm sorry your parcel hasn't arrived yet. Please give us a call here: https://t.co/JzP7hlA23B so we can look into this. ^JF,Fri Oct 06 21:18:35 +0000 2017,"Account, Billing & Prime",True
233115,171489,I bought @115850 fire stick in the cash back period of 500 off.... When i will be getting it back on my pay balance?? @AmazonHelp,Thu Oct 05 11:03:41 +0000 2017,233114,@171489 I'm sorry for the trouble. Please reach out to us at: https://t.co/vlvfJr4nN9 we'll check it for you. ^AU,Thu Oct 05 12:05:00 +0000 2017,General Inquiry & Feedback,False
38190,124295,@AmazonHelp Compra posterior com o mesmo cartão utilizado!,Wed Nov 01 14:52:50 +0000 2017,38191,"@124295 Bruno, gostaríamos de verificar com mais detalhes. Por favor encaminhe seus dados para nós aqui: https://t.co/kUkXHFkYWd. ^LG",Wed Nov 01 14:55:40 +0000 2017,General Inquiry & Feedback,False
62368,116917,"Update:
@115877 has come through. Food delivered hot and fresh on time. Still no show from @115821. &lt; 1 hour. #TickTock",Sun Nov 26 01:03:16 +0000 2017,62365,@116917 We want to help in any way! Can you tell us more about your order so we can look into it. ^SH,Sun Nov 26 01:06:52 +0000 2017,Order Status & Logistics,False
98680,137599,"@AmazonHelp Yep, https://t.co/ziEVp241yz. My order is fine, but hers was cancelled. :/",Thu Nov 30 16:19:05 +0000 2017,98679,@137599 I'm sorry your girlfriend's order was canceled! Please contact us here so we can try to get this resolved for you both: https://t.co/hApLpMlfHN We look forward to hearing from you! ^VR,Thu Nov 30 16:48:00 +0000 2017,"Returns, Refunds & Cancellations",True
400296,210661,@AmazonHelp USPS,Mon Oct 09 19:17:16 +0000 2017,400295,@210661 Please reach out to us here: https://t.co/hApLpMlfHN so we can look into available options with you. ^ZW,Mon Oct 09 19:26:01 +0000 2017,General Inquiry & Feedback,False
511698,237637,@AmazonHelp Thank you,Fri Dec 01 23:26:33 +0000 2017,511699,@237637 You're welcome. We'll be here if you need anything else! ^MB,Fri Dec 01 23:30:29 +0000 2017,General Inquiry & Feedback,False
69651,131784,@AmazonHelp so I took the day off to wait for the Christmas tree delivery and Amazon emails us at 16:20 PM to tell us there is a delay in delivery!? What kind of service is this? I wasted a whole day for this.,Wed Nov 29 17:06:24 +0000 2017,69649,"@131784 I'm sorry to hear that, were you provided with a new delivery date?^TI",Wed Nov 29 17:15:32 +0000 2017,General Inquiry & Feedback,False
232880,171436,@AmazonHelp Ref to order 408-2997439-0864351 a very forgetful experience. The mobile purchase under exchange but denied exchange on false ground.,Thu Oct 05 11:59:04 +0000 2017,232882,"@171436 Please don't provide your order details, as we consider it to be personal information. Our page is visible to the public. 2/2 ^PS",Thu Oct 05 12:11:40 +0000 2017,General Inquiry & Feedback,False
451884,222176,"@AmazonHelp Muito amor ❤
Meu lugar preferido para ler é em qualquer lugar rs",Thu Nov 30 23:51:14 +0000 2017,451886,@222176 E para ler não tem hora! A leitura é muito linda Mábile! 😍📚👏 ^JJ,Thu Nov 30 23:57:36 +0000 2017,Non-English Support,True
465851,222099,"It is 8:26pm on delivery day and no sign that @115817 are going to make this delivery on time. Hey @115821, please, please stop using UPS for next day service. They never manage it. Every package is late. No exceptions. (Last one they lost completely.) https://t.co/mvjXaG86qF",Fri Dec 01 04:28:51 +0000 2017,465849,"@222099 Oh no, I'm sorry for the delivery delays. That is not what we want for you, or any customer! Their standard delivery times are 9:00am to 7:00pm, but packages can sometimes arrive later. Please keep us posted and let us know if you don't receive your package today. ^EA",Fri Dec 01 04:35:54 +0000 2017,Order Status & Logistics,False
225257,169809,Do u realise dat its illegal &amp; wrong that you charge 150 fr morning dlvry &amp; then don't deliver?missed mom's birthday gift bc of u @115850,Thu Oct 05 06:15:30 +0000 2017,225256,@169809 Sorry about the bad experience. Kindly get in touch with us here: https://t.co/sZNLdf1mfp and we’ll be glad to help you. ^NS,Thu Oct 05 06:24:00 +0000 2017,General Inquiry & Feedback,False
179152,158239,@AmazonHelp Got this mail.. https://t.co/xaaDLpMEmt,Wed Oct 04 09:56:08 +0000 2017,179150,"@158239 Seems like an account verification issue, please reply to the email and this will be sorted out. ^MS",Wed Oct 04 10:09:29 +0000 2017,General Inquiry & Feedback,False
63115,130468,"@115830 You seem to be asking too much of your delivery drivers, two consecutive Prime deliveries not turned up on the promised day",Wed Nov 01 21:56:27 +0000 2017,63114,"@130468 I'm sorry you haven't received your items. We'd like to look into this further, please contact us: https://t.co/JzP7hlA23B ^CO",Wed Nov 01 21:59:27 +0000 2017,"Account, Billing & Prime",True
465111,225629,"@115821 prime 2 day shipping is BS. I ordered on Monday morning, everything was expected today (3days later), but nothing ever came. So annoyed.",Fri Dec 01 04:13:10 +0000 2017,465110,"@225629 Hello, Mandy. I'm sorry you haven't received your order. What's the current order status? You can check that out here: https://t.co/Y5jpI9gRhE   ^FJ",Fri Dec 01 04:18:26 +0000 2017,"Account, Billing & Prime",True
391619,208728,@AmazonHelp Si tenía previsto que me llegara un paquete en el sábado y ahora llega el martes,Mon Oct 09 16:19:39 +0000 2017,391617,"@208728 Ya veo, lamento el inconveniente. Cualquier consulta o situación no dudes en reportarlo con nuestro Servicio al Cliente. ^KS",Mon Oct 09 16:24:03 +0000 2017,Non-English Support,True
332360,195144,@115850 fake update of my product delivery.. Spoke to customer care they said we are sorry but still showing delivery attempted.. https://t.co/XxffazU0LK,Sat Oct 07 18:43:04 +0000 2017,332363,@195144 Sorry about the issues with delivery. We'd like to check this. Please share your details here: https://t.co/GIJyeYqKE0. 1/2 ^HD,Sat Oct 07 19:11:25 +0000 2017,Product Quality & Hardware,True
73483,132433,@116316 once agin let down by your service ! No food for my weekend guests !#amazongermany#unreliable#ineffecient#,Thu Nov 30 10:39:23 +0000 2017,73482,@132433 Is your order late? What was the estimated delivery date that you received via email? ^KM,Thu Nov 30 10:50:27 +0000 2017,General Inquiry & Feedback,False
